hwm_id,lon,lat,x_utm10,y_utm10,cell,elev_ft,elev_m,cell_z_m,above_bed_m,is_above_bed,vdatum_id,vdatum,hwm_quality_id,hwm_quality,hwm_environment,survey_date,waterbody
21635,-95.88716,29.77226,3170154.0,3622977.5,306465,151.97,46.320,45.57,0.750,yes,2,NAVD88,4,poor,Riverine,2017-09-08T05:00:00,Willow Fork
21638,-95.88716,29.77226,3170154.0,3622977.5,306465,151.28,46.110,45.57,0.540,yes,2,NAVD88,4,poor,Riverine,2017-09-08T05:00:00,Willow Fork
22029,-95.77355,29.85088,3179394.5,3635134.2,1772208,142.53,43.443,42.87,0.573,yes,2,NAVD88,4,poor,Riverine,2017-09-10T05:00:00,South Mayde Cr
22030,-95.77282,29.8518,3179441.4,3635260.9,1772098,142.27,43.364,43.23,0.134,yes,2,NAVD88,4,poor,Riverine,2017-09-10T05:00:00,South Mayde Cr
22031,-95.76947,29.87522,3179080.3,3638088.1,434790,148.05,45.126,46.10,-0.974,no,2,NAVD88,2,good,Riverine,2017-09-10T05:00:00,Bear Cr
22032,-95.77007,29.87501,3179025.5,3638047.9,1739665,149.42,45.543,45.73,-0.187,no,2,NAVD88,3,fair,Riverine,2017-09-10T05:00:00,Bear Cr
22033,-95.73068,29.86147,3183448.4,3637495.0,1759104,135.9,41.422,40.37,1.052,yes,2,NAVD88,2,good,Riverine,2017-09-10T05:00:00,Bear Cr
21642,-95.89927,29.78542,3168526.7,3624202.3,1229525,155.6,47.427,47.57,-0.143,no,2,NAVD88,4,poor,Riverine,2017-09-08T05:00:00,Willow Fork
22034,-95.72979,29.86147,3183539.2,3637518.3,1756369,135.12,41.185,38.80,2.385,yes,2,NAVD88,3,fair,Riverine,2017-09-10T05:00:00,Bear Cr
21644,-95.89927,29.78542,3168526.7,3624202.3,1229525,158.59,48.338,47.57,0.768,yes,2,NAVD88,3,fair,Riverine,2017-09-08T05:00:00,Willow Fork
22035,-95.72167,29.88686,3183603.5,3640701.6,1566345,136.39,41.572,40.83,0.742,yes,2,NAVD88,4,poor,Riverine,2017-09-10T05:00:00,Dinner Cr
22036,-95.70417,29.902,3184931.6,3642932.0,1531,136.86,41.715,42.53,-0.815,no,2,NAVD88,3,fair,Riverine,2017-09-10T05:00:00,Langham Cr
22037,-95.68169,29.91324,3186884.1,3644837.4,1665511,136.09,41.480,42.37,-0.890,no,2,NAVD88,4,poor,Riverine,2017-09-10T05:00:00,Horsepen Cr
22038,-95.68177,29.91402,3186852.5,3644926.6,1665531,136.06,41.471,42.43,-0.959,no,2,NAVD88,4,poor,Riverine,2017-09-10T05:00:00,Horsepen Cr
21648,-95.84458,29.78443,3174136.3,3625508.0,1202487,138.85,42.321,42.67,-0.349,no,2,NAVD88,2,good,Riverine,2017-09-08T05:00:00,Snake Cr
22039,-95.71543,29.93966,3182649.4,3647041.9,1634607,148.95,45.400,45.97,-0.570,no,2,NAVD88,3,fair,Riverine,2017-09-10T05:00:00,Cypress Creek
22041,-95.64598,29.89641,3191032.5,3643807.3,1970550,119.13,36.311,36.80,-0.489,no,2,NAVD88,3,fair,Riverine,2017-09-10T05:00:00,Horsepen Cr
21650,-95.84458,29.78443,3174136.3,3625508.0,1202487,134.8,41.087,42.67,-1.583,no,2,NAVD88,4,poor,Riverine,2017-09-08T05:00:00,Snake Cr
21657,-95.82564,29.77993,3176203.5,3625474.7,298099,143.38,43.702,40.73,2.972,yes,2,NAVD88,4,poor,Riverine,2017-09-08T05:00:00,Buffalo Bayou
21658,-95.76207,29.79458,3182253.2,3628847.2,254968,127.29,38.798,40.77,-1.972,no,2,NAVD88,4,poor,Riverine,2017-09-08T05:00:00,Mason Cr
21662,-95.82202,29.76528,3177010.3,3623855.0,811051,129.45,39.456,39.83,-0.374,no,2,NAVD88,2,good,Riverine,2017-09-08T05:00:00,Buffalo Bayou
21663,-95.82203,29.76526,3177009.9,3623852.4,811081,129.41,39.444,39.33,0.114,yes,2,NAVD88,1,excellent,Riverine,2017-09-08T05:00:00,Buffalo Bayou
21664,-95.82276,29.76425,3176965.5,3623715.2,810660,128.74,39.240,40.37,-1.130,no,2,NAVD88,3,fair,Riverine,2017-09-08T05:00:00,Buffalo Bayou
21665,-95.82548,29.75001,3177112.8,3621978.3,754021,120.42,36.704,39.80,-3.096,no,2,NAVD88,4,poor,Riverine,2017-09-08T05:00:00,Buffalo Bayou
21666,-95.82549,29.75011,3177108.8,3621989.7,754021,120.87,36.841,39.80,-2.959,no,2,NAVD88,4,poor,Riverine,2017-09-08T05:00:00,Buffalo Bayou
21667,-95.78379,29.74534,3181509.2,3622518.2,832831,117.13,35.701,36.80,-1.099,no,2,NAVD88,1,excellent,Riverine,2017-09-08T05:00:00,Buffalo Bayou
21668,-95.78409,29.74527,3181480.7,3622502.2,827058,117.08,35.686,36.40,-0.714,no,2,NAVD88,1,excellent,Riverine,2017-09-08T05:00:00,Buffalo Bayou
21671,-95.74881,29.73643,3185348.4,3622388.4,888259,100.46,30.620,31.87,-1.250,no,2,NAVD88,4,poor,Riverine,2017-09-08T05:00:00,Buffalo Bayou
21672,-95.74888,29.73634,3185343.9,3622376.1,888257,100.27,30.562,32.80,-2.238,no,2,NAVD88,4,poor,Riverine,2017-09-08T05:00:00,Buffalo Bayou
25169,-95.613876,29.781228,3197784.8,3631169.7,40741,80.45,24.521,24.73,-0.209,no,2,NAVD88,1,excellent,Riverine,2017-09-26T05:00:00,Buffalo Bayou Trib
25171,-95.58727,29.92373,3196191.7,3648552.0,2039216,115.8,35.296,36.47,-1.174,no,2,NAVD88,2,good,Riverine,2017-09-26T05:00:00,White Oak Bayou
25173,-95.5557,29.88749,3200509.7,3645143.9,2102941,97.49,29.715,31.60,-1.885,no,2,NAVD88,2,good,Riverine,2017-09-26T05:00:00,White Oak Bayou
25179,-95.5325,29.88709,3202888.6,3645710.5,2133572,94.68,28.858,29.73,-0.872,no,2,NAVD88,1,excellent,Riverine,2017-09-26T05:00:00,Rolling Fork
25175,-95.57372,29.88837,3198644.9,3644771.0,2095517,102.54,31.254,32.23,-0.976,no,2,NAVD88,1,excellent,Riverine,2017-09-26T05:00:00,White Oak Bayou Trib
25177,-95.52413,29.86061,3204546.3,3642831.6,571354,86.04,26.225,27.03,-0.805,no,2,NAVD88,4,poor,Riverine,2017-09-26T05:00:00,Cole Creek
25184,-95.54056,29.75367,3206107.6,3629874.0,2767874,67.76,20.653,19.13,1.523,yes,2,NAVD88,1,excellent,Riverine,2017-09-26T05:00:00,Buffalo Bayou
25187,-95.46898,29.86273,3210110.9,3644540.5,2230231,75.02,22.866,22.27,0.596,yes,2,NAVD88,1,excellent,Riverine,2017-09-27T05:00:00,White Oak Bayou
25188,-95.45286,29.83264,3212672.3,3641443.8,2352519,65.5,19.964,19.50,0.464,yes,2,NAVD88,1,excellent,Riverine,2017-09-27T05:00:00,White Oak Bayou
25189,-95.481466,29.826044,3209951.4,3639913.0,2336641,70.8,21.580,21.57,0.010,yes,2,NAVD88,2,good,Riverine,2017-09-27T05:00:00,Brickhouse Gully
25191,-95.44712,29.81895,3213675.0,3639992.5,2502898,60.2,18.349,17.80,0.549,yes,2,NAVD88,1,excellent,Riverine,2017-09-27T05:00:00,White Oak Bayou
25192,-95.440206,29.808707,3214692.9,3638976.0,2494534,57.46,17.514,18.90,-1.386,no,2,NAVD88,3,fair,Riverine,2017-09-27T05:00:00,White Oak Bayou
25193,-95.41794,29.78994,3217539.2,3637368.3,2440251,52.82,16.100,6.30,9.800,yes,2,NAVD88,1,excellent,Riverine,2012-09-27T05:00:00,White Oak Bayou
25194,-95.38457,29.77885,3221287.8,3636955.4,606520,41.3,12.588,10.77,1.818,yes,2,NAVD88,3,fair,Riverine,2017-09-27T05:00:00,White Oak Bayou
25196,-95.37962,29.81918,3220563.8,3641812.8,2379216,56.68,17.276,11.47,5.806,yes,2,NAVD88,2,good,Riverine,2017-09-27T05:00:00,Little White Oak Bayou
25198,-95.396206,29.838228,3218288.2,3643603.3,2362677,64.29,19.596,19.20,0.396,yes,2,NAVD88,3,fair,Riverine,2017-09-27T05:00:00,Little White Oak Bayou
25200,-95.409506,29.853394,3216467.3,3645026.2,2246631,73.5,22.403,22.90,-0.497,no,2,NAVD88,1,excellent,Riverine,2017-09-27T05:00:00,Little White Oak Bayou
25201,-95.48255,29.77798,3211299.8,3634254.4,2467630,54.87,16.724,18.33,-1.606,no,2,NAVD88,1,excellent,Riverine,2017-09-28T05:00:00,Spring Branch Bayou
25202,-95.427245,29.760998,3217468.5,3633730.2,2850847,45.52,13.874,15.33,-1.456,no,2,NAVD88,2,good,Riverine,2017-09-28T05:00:00,Buffalo Bayou
25204,-95.366213,29.764779,3223593.6,3635794.5,2887249,33.66,10.260,12.27,-2.010,no,2,NAVD88,4,poor,Riverine,2017-10-03T05:00:00,Buffalo Bayou
25180,-95.524423,29.876836,3204023.9,3644723.6,2109966,90.36,27.542,28.13,-0.588,no,2,NAVD88,3,fair,Riverine,2017-09-26T05:00:00,White Oak Bayou
25185,-95.46774,29.88312,3209616.9,3646961.2,2201446,77.82,23.720,25.13,-1.410,no,2,NAVD88,3,fair,Riverine,2017-09-27T05:00:00,Vogel Creek
25182,-95.57567,29.76639,3202135.5,3630438.1,2678876,73.53,22.412,22.63,-0.218,no,2,NAVD88,3,fair,Riverine,2017-09-26T05:00:00,White Oak Bayou
22242,-95.68313,29.87157,3187993.6,3639923.9,1697251,119.68,36.478,37.43,-0.952,no,2,NAVD88,3,fair,Riverine,2017-09-11T05:00:00,Langham Cr.
22243,-95.6832,29.87211,3187970.2,3639985.3,1697292,120.44,36.710,37.80,-1.090,no,2,NAVD88,3,fair,Riverine,2017-09-11T05:00:00,Langham Cr.
22244,-95.69244,29.84495,3187845.6,3636564.5,1810395,118.0,35.966,35.63,0.336,yes,2,NAVD88,3,fair,Riverine,2017-09-11T05:00:00,Bear Cr
22245,-95.68288,29.86942,3188083.9,3639678.9,1697691,120.56,36.747,37.47,-0.723,no,2,NAVD88,4,poor,Riverine,2017-09-11T05:00:00,Bear Cr
22247,-95.62549,29.87816,3193673.4,3642210.9,120927,112.34,34.241,34.73,-0.489,no,2,NAVD88,3,fair,Riverine,2017-09-11T05:00:00,Horsepen Cr
22248,-95.62488,29.87846,3193726.6,3642262.1,1936077,112.76,34.369,30.57,3.799,yes,2,NAVD88,4,poor,Riverine,2017-09-11T05:00:00,Horsepen Cr
22249,-95.62362,29.8575,3194488.3,3639842.1,486470,108.71,33.135,33.03,0.105,yes,2,NAVD88,2,good,Riverine,2017-09-11T05:00:00,Langham Cr.
22250,-95.62362,29.85731,3194494.1,3639819.8,486470,108.68,33.126,33.03,0.096,yes,2,NAVD88,2,good,Riverine,2017-09-11T05:00:00,Langham Cr.
22251,-95.637,29.84466,3193510.8,3637987.1,1844726,108.27,33.001,33.63,-0.629,no,2,NAVD88,2,good,Riverine,2017-09-11T05:00:00,Bear Cr
22252,-95.64628,29.83113,3192971.9,3636159.4,114344,108.64,33.113,32.43,0.683,yes,2,NAVD88,2,good,Riverine,2017-09-11T05:00:00,Bear Creek
22253,-95.63039,29.83597,3194447.5,3637143.8,1858064,108.69,33.129,30.20,2.929,yes,2,NAVD88,2,good,Riverine,2017-09-11T05:00:00,Langham Cr
21851,-95.79822,29.71081,3181066.5,3618101.1,215323,101.91,31.062,35.17,-4.108,no,2,NAVD88,4,poor,Riverine,2017-09-09T05:00:00,Buffalo Bayou
23813,-95.35849,29.76336,3224426.6,3635833.7,2887446,36.82,11.223,3.40,7.823,yes,2,NAVD88,1,excellent,Riverine,2017-09-25T05:00:00,unknown
23814,-95.35849,29.76336,3224426.6,3635833.7,2887446,36.32,11.070,3.40,7.670,yes,2,NAVD88,1,excellent,Riverine,2017-09-25T05:00:00,unknown
21853,-95.79825,29.71092,3181060.2,3618113.2,861577,103.16,31.443,35.13,-3.687,no,2,NAVD88,4,poor,Riverine,2017-09-09T05:00:00,Buffalo Bayou
21855,-95.74408,29.71693,3186415.1,3620229.6,897442,101.61,30.971,30.17,0.801,yes,2,NAVD88,3,fair,Riverine,2017-09-09T05:00:00,Buffalo Bayou
23816,-95.34362,29.752,3226293.9,3634898.0,727140,44.33,13.512,12.90,0.612,yes,2,NAVD88,1,excellent,Riverine,2017-09-25T05:00:00,unknown
23817,-95.34381,29.75215,3226269.9,3634910.6,2909459,44.53,13.573,12.90,0.673,yes,2,NAVD88,1,excellent,Riverine,2017-09-25T05:00:00,unknown
21856,-95.74281,29.71575,3186580.2,3620124.6,897930,100.91,30.757,30.43,0.327,yes,2,NAVD88,3,fair,Riverine,2017-09-09T05:00:00,Buffalo Bayou
21859,-95.68803,29.77655,3190352.7,3628674.8,1049373,100.35,30.587,31.83,-1.243,no,2,NAVD88,3,fair,Riverine,2017-09-09T05:00:00,Buffalo Bayou
21864,-95.68904,29.77657,3190249.0,3628650.7,1049335,100.73,30.703,31.93,-1.227,no,2,NAVD88,2,good,Riverine,2017-09-09T05:00:00,Buffalo Bayou
21865,-95.70302,29.76068,3189298.5,3626424.5,967455,100.86,30.742,31.63,-0.888,no,2,NAVD88,2,good,Riverine,2017-09-09T05:00:00,Buffalo Bayou
21866,-95.71381,29.75622,3188330.3,3625619.9,968336,101.32,30.882,27.47,3.412,yes,2,NAVD88,2,good,Riverine,2017-09-09T05:00:00,Mason Cr
21872,-95.69312,29.79984,3189133.1,3631267.4,1082790,108.17,32.970,31.77,1.200,yes,2,NAVD88,2,good,Riverine,2017-09-09T05:00:00,South Mayde Creek
21873,-95.67383,29.80842,3190844.1,3632777.6,1089173,108.83,33.171,32.07,1.101,yes,2,NAVD88,2,good,Riverine,2017-09-09T05:00:00,South Mayde Creek
24508,-95.28226,29.73611,3233056.7,3634671.0,2925303,23.63,7.202,6.10,1.102,yes,2,NAVD88,3,fair,Riverine,2017-10-05T05:00:00,Buffalo Bayou
24509,-95.28224,29.73586,3233066.4,3634642.2,2925214,23.16,7.059,6.13,0.929,yes,2,NAVD88,4,poor,Riverine,2017-10-05T05:00:00,Buffalo Bayou
21660,-95.8343,29.77569,3175446.2,3624753.1,1198610,132.92,40.514,40.10,0.414,yes,2,NAVD88,4,poor,Riverine,2017-09-08T05:00:00,Willow Fork
21661,-95.83514,29.77505,3175379.6,3624656.4,1198558,134.86,41.105,38.57,2.535,yes,2,NAVD88,3,fair,Riverine,2017-09-08T05:00:00,Willow Fork
21659,-95.76186,29.79483,3182267.1,3628881.9,254971,127.7,38.923,40.17,-1.247,no,2,NAVD88,4,poor,Riverine,2017-09-08T05:00:00,Mason Cr
22019,-95.74633,29.82303,3183006.4,3632587.7,1110931,126.23,38.475,39.00,-0.525,no,2,NAVD88,4,poor,Riverine,2017-09-10T05:00:00,South Mayde Cr
22024,-95.74676,29.82232,3182983.8,3632493.4,1111122,125.63,38.292,38.70,-0.408,no,2,NAVD88,4,poor,Riverine,2017-09-10T05:00:00,South Mayde Cr
29143,-95.605332,29.846791,3196677.9,3639070.2,1852779,109.012,33.227,33.63,-0.403,no,2,NAVD88,1,excellent,Riverine,2018-05-15T05:00:00,Lakes on Eldridge
29144,-95.59905,29.847128,3197308.8,3639275.2,1895925,108.953,33.209,33.23,-0.021,no,2,NAVD88,3,fair,Riverine,2018-05-15T05:00:00,Lakes on Eldridge
29156,-95.59905,29.847128,3197308.8,3639275.2,1895925,109.229,33.293,33.23,0.063,yes,2,NAVD88,2,good,Riverine,2018-05-15T05:00:00,Lakes on Eldridge
29154,-95.401454,29.762384,3220063.2,3634577.1,714778,42.752,13.031,11.60,1.431,yes,2,NAVD88,3,fair,Riverine,2018-05-15T05:00:00,Buffalo Bayou
29153,-95.401454,29.762384,3220063.2,3634577.1,714778,41.717,12.715,11.60,1.115,yes,2,NAVD88,3,fair,Riverine,2018-05-15T05:00:00,Buffalo Bayou
29146,-95.621546,29.863403,3194521.6,3640587.6,1948028,108.883,33.188,33.17,0.018,yes,2,NAVD88,3,fair,Riverine,2018-05-15T05:00:00,Horsepen Creek
32527,-95.6433,29.7703,3195108.8,3629116.9,2700623,78.34,23.878,24.57,-0.692,no,2,NAVD88,3,fair,Riverine,2018-06-19T05:00:00,Buffalo Bayou
32560,-95.6433,29.7703,3195108.8,3629116.9,2700623,70.69,21.546,24.57,-3.024,no,2,NAVD88,3,fair,Riverine,2018-06-19T05:00:00,Buffalo Bayou
32549,-95.6433,29.7703,3195108.8,3629116.9,2700623,76.02,23.171,24.57,-1.399,no,2,NAVD88,3,fair,Riverine,2018-06-19T05:00:00,Buffalo Bayou
32563,-95.6433,29.7703,3195108.8,3629116.9,2700623,69.77,21.266,24.57,-3.304,no,2,NAVD88,3,fair,Riverine,2018-06-19T05:00:00,Buffalo Bayou
32565,-95.6433,29.7703,3195108.8,3629116.9,2700623,68.19,20.784,24.57,-3.786,no,2,NAVD88,3,fair,Riverine,2018-06-19T05:00:00,Buffalo Bayou
32566,-95.6433,29.7703,3195108.8,3629116.9,2700623,66.85,20.376,24.57,-4.194,no,2,NAVD88,3,fair,Riverine,2018-06-19T05:00:00,Buffalo Bayou
32665,-95.606101,29.761892,3199162.1,3629110.2,2715591,71.36,21.751,22.90,-1.149,no,2,NAVD88,3,fair,Riverine,2018-06-19T05:00:00,Buffalo Bayou
32667,-95.606101,29.761892,3199162.1,3629110.2,2715591,69.18,21.086,22.90,-1.814,no,2,NAVD88,3,fair,Riverine,2018-06-19T05:00:00,Buffalo Bayou
32708,-95.606101,29.761892,3199162.1,3629110.2,2715591,61.59,18.773,22.90,-4.127,no,2,NAVD88,3,fair,Riverine,2018-06-19T05:00:00,Buffalo Bayou
32715,-95.606101,29.761892,3199162.1,3629110.2,2715591,60.26,18.367,22.90,-4.533,no,2,NAVD88,3,fair,Riverine,2018-06-19T05:00:00,Buffalo Bayou
32787,-95.575888,29.765767,3202132.0,3630359.4,2678895,63.76,19.434,22.57,-3.136,no,2,NAVD88,3,fair,Riverine,2018-06-18T05:00:00,Buffalo Bayou
32805,-95.557612,29.762404,3204101.0,3630447.2,669156,63.3,19.294,21.20,-1.906,no,2,NAVD88,3,fair,Riverine,2018-06-18T05:00:00,Buffalo Bayou
32754,-95.589361,29.760799,3200905.4,3629422.8,2720220,66.32,20.214,21.20,-0.986,no,2,NAVD88,3,fair,Riverine,2018-06-19T05:00:00,Buffalo Bayou
32765,-95.589361,29.760799,3200905.4,3629422.8,2720220,58.07,17.700,21.20,-3.500,no,2,NAVD88,3,fair,Riverine,2018-06-19T05:00:00,Buffalo Bayou
32786,-95.575888,29.765767,3202132.0,3630359.4,2678895,65.87,20.077,22.57,-2.493,no,2,NAVD88,3,fair,Riverine,2018-06-18T05:00:00,Buffalo Bayou
32799,-95.575888,29.765767,3202132.0,3630359.4,2678895,56.67,17.273,22.57,-5.297,no,2,NAVD88,3,fair,Riverine,2018-06-18T05:00:00,Buffalo Bayou
32797,-95.575888,29.765767,3202132.0,3630359.4,2678895,58.17,17.730,22.57,-4.840,no,2,NAVD88,3,fair,Riverine,2018-06-18T05:00:00,Buffalo Bayou
32810,-95.557612,29.762404,3204101.0,3630447.2,669156,52.32,15.947,21.20,-5.253,no,2,NAVD88,3,fair,Riverine,2018-06-18T05:00:00,Buffalo Bayou
32803,-95.575888,29.765767,3202132.0,3630359.4,2678895,53.42,16.282,22.57,-6.288,no,2,NAVD88,3,fair,Riverine,2018-06-18T05:00:00,Buffalo Bayou
32808,-95.557612,29.762404,3204101.0,3630447.2,669156,61.23,18.663,21.20,-2.537,no,2,NAVD88,3,fair,Riverine,2018-06-18T05:00:00,Buffalo Bayou
33224,-95.6028078,29.7647061,3199413.7,3629526.4,2716525,76.25,23.241,23.53,-0.289,no,2,NAVD88,3,fair,Riverine,2018-06-21T05:00:00,Buffalo Bayou
32820,-95.539622,29.751924,3206256.3,3629694.2,10430,58.78,17.916,14.70,3.216,yes,2,NAVD88,3,fair,Riverine,2018-06-19T05:00:00,Buffalo Bayou
32802,-95.575888,29.765767,3202132.0,3630359.4,2678895,55.01,16.767,22.57,-5.803,no,2,NAVD88,3,fair,Riverine,2018-06-18T05:00:00,Buffalo Bayou
32821,-95.539622,29.751924,3206256.3,3629694.2,10430,56.86,17.331,14.70,2.631,yes,2,NAVD88,3,fair,Riverine,2018-06-19T05:00:00,Buffalo Bayou
33226,-95.6003356,29.7672301,3199590.1,3629887.0,672901,75.41,22.985,24.83,-1.845,no,2,NAVD88,3,fair,Riverine,2018-06-21T05:00:00,Buffalo Bayou
33223,-95.6028078,29.7647061,3199413.7,3629526.4,2716525,76.25,23.241,23.53,-0.289,no,2,NAVD88,3,fair,Riverine,2018-06-21T05:00:00,Buffalo Bayou
33238,-95.589747,29.7617013,3200838.7,3629518.3,2717732,69.92,21.312,21.33,-0.018,no,2,NAVD88,3,fair,Riverine,2018-06-21T05:00:00,Buffalo Bayou
32824,-95.539622,29.751924,3206256.3,3629694.2,10430,51.36,15.655,14.70,0.955,yes,2,NAVD88,3,fair,Riverine,2018-06-19T05:00:00,Buffalo Bayou
32825,-95.539622,29.751924,3206256.3,3629694.2,10430,49.78,15.173,14.70,0.473,yes,2,NAVD88,3,fair,Riverine,2018-06-19T05:00:00,Buffalo Bayou
32827,-95.539622,29.751924,3206256.3,3629694.2,10430,47.94,14.612,14.70,-0.088,no,2,NAVD88,3,fair,Riverine,2018-06-19T05:00:00,Buffalo Bayou
32830,-95.539622,29.751924,3206256.3,3629694.2,10430,46.28,14.106,14.70,-0.594,no,2,NAVD88,3,fair,Riverine,2018-06-19T05:00:00,Buffalo Bayou
32842,-95.5312,29.7472,3207260.0,3629363.1,2768866,56.26,17.148,17.50,-0.352,no,2,NAVD88,3,fair,Riverine,2018-06-19T05:00:00,Buffalo Bayou
32846,-95.5312,29.7472,3207260.0,3629363.1,2768866,45.75,13.945,17.50,-3.555,no,2,NAVD88,3,fair,Riverine,2018-06-19T05:00:00,Buffalo Bayou
32848,-95.5234,29.7468,3208069.4,3629522.2,2775110,54.11,16.493,15.47,1.023,yes,2,NAVD88,3,fair,Riverine,2018-06-19T05:00:00,Buffalo Bayou
32849,-95.5234,29.7468,3208069.4,3629522.2,2775110,52.24,15.923,15.47,0.453,yes,2,NAVD88,3,fair,Riverine,2018-06-19T05:00:00,Buffalo Bayou
32851,-95.5234,29.7468,3208069.4,3629522.2,2775110,43.74,13.332,15.47,-2.138,no,2,NAVD88,3,fair,Riverine,2018-06-19T05:00:00,Buffalo Bayou
32853,-95.505216,29.751099,3209798.0,3630506.1,2777632,48.58,14.807,9.83,4.977,yes,2,NAVD88,3,fair,Riverine,2018-06-19T05:00:00,Buffalo Bayou
32856,-95.505216,29.751099,3209798.0,3630506.1,2777632,46.71,14.237,9.83,4.407,yes,2,NAVD88,3,fair,Riverine,2018-06-19T05:00:00,Buffalo Bayou
32857,-95.505216,29.751099,3209798.0,3630506.1,2777632,44.4,13.533,9.83,3.703,yes,2,NAVD88,3,fair,Riverine,2018-06-19T05:00:00,Buffalo Bayou
32859,-95.505216,29.751099,3209798.0,3630506.1,2777632,41.71,12.713,9.83,2.883,yes,2,NAVD88,3,fair,Riverine,2018-06-19T05:00:00,Buffalo Bayou
32861,-95.505216,29.751099,3209798.0,3630506.1,2777632,40.21,12.256,9.83,2.426,yes,2,NAVD88,3,fair,Riverine,2018-06-19T05:00:00,Buffalo Bayou
32865,-95.505216,29.751099,3209798.0,3630506.1,2777632,36.88,11.241,9.83,1.411,yes,2,NAVD88,3,fair,Riverine,2018-06-19T05:00:00,Buffalo Bayou
32867,-95.500718,29.760343,3209977.7,3631707.8,2663940,45.72,13.935,15.73,-1.795,no,2,NAVD88,3,fair,Riverine,2018-06-19T05:00:00,Buffalo Bayou
32869,-95.500718,29.760343,3209977.7,3631707.8,2663940,43.85,13.365,15.73,-2.365,no,2,NAVD88,3,fair,Riverine,2018-06-19T05:00:00,Buffalo Bayou
32863,-95.505216,29.751099,3209798.0,3630506.1,2777632,38.38,11.698,9.83,1.868,yes,2,NAVD88,3,fair,Riverine,2018-06-19T05:00:00,Buffalo Bayou
32872,-95.500718,29.760343,3209977.7,3631707.8,2663940,41.5,12.649,15.73,-3.081,no,2,NAVD88,3,fair,Riverine,2018-06-19T05:00:00,Buffalo Bayou
32873,-95.500718,29.760343,3209977.7,3631707.8,2663940,38.6,11.765,15.73,-3.965,no,2,NAVD88,3,fair,Riverine,2018-06-19T05:00:00,Buffalo Bayou
32875,-95.500718,29.760343,3209977.7,3631707.8,2663940,37.1,11.308,15.73,-4.422,no,2,NAVD88,3,fair,Riverine,2018-06-19T05:00:00,Buffalo Bayou
32887,-95.479657,29.773412,3211734.0,3633795.9,2836589,38.52,11.741,8.10,3.641,yes,2,NAVD88,3,fair,Riverine,2018-06-19T05:00:00,Buffalo Bayou
32879,-95.500718,29.760343,3209977.7,3631707.8,2663940,34.02,10.369,15.73,-5.361,no,2,NAVD88,3,fair,Riverine,2018-06-19T05:00:00,Buffalo Bayou
32883,-95.48245,29.77185,3211496.0,3633539.0,2834233,37.33,11.378,17.00,-5.622,no,2,NAVD88,3,fair,Riverine,2018-06-19T05:00:00,Buffalo Bayou
32885,-95.48245,29.77185,3211496.0,3633539.0,2834233,35.0,10.668,17.00,-6.332,no,2,NAVD88,3,fair,Riverine,2018-06-19T05:00:00,Buffalo Bayou
32881,-95.48245,29.77185,3211496.0,3633539.0,2834233,39.12,11.924,17.00,-5.076,no,2,NAVD88,3,fair,Riverine,2018-06-19T05:00:00,Buffalo Bayou
32878,-95.500718,29.760343,3209977.7,3631707.8,2663940,35.35,10.775,15.73,-4.955,no,2,NAVD88,3,fair,Riverine,2018-06-19T05:00:00,Buffalo Bayou
32890,-95.479657,29.773412,3211734.0,3633795.9,2836589,36.79,11.214,8.10,3.114,yes,2,NAVD88,3,fair,Riverine,2018-06-19T05:00:00,Buffalo Bayou
32899,-95.4581494,29.7645168,3214202.3,3633323.3,2852982,35.58,10.845,11.23,-0.385,no,2,NAVD88,3,fair,Riverine,2018-06-20T05:00:00,Buffalo Bayou
32901,-95.4581494,29.7645168,3214202.3,3633323.3,2852982,31.87,9.714,11.23,-1.516,no,2,NAVD88,3,fair,Riverine,2018-06-20T05:00:00,Buffalo Bayou
32891,-95.479657,29.773412,3211734.0,3633795.9,2836589,34.5,10.516,8.10,2.416,yes,2,NAVD88,3,fair,Riverine,2018-06-19T05:00:00,Buffalo Bayou
32893,-95.479657,29.773412,3211734.0,3633795.9,2836589,29.79,9.080,8.10,0.980,yes,2,NAVD88,3,fair,Riverine,2018-06-19T05:00:00,Buffalo Bayou
32903,-95.4581494,29.7645168,3214202.3,3633323.3,2852982,29.6,9.022,11.23,-2.208,no,2,NAVD88,3,fair,Riverine,2018-06-20T05:00:00,Buffalo Bayou
32895,-95.479657,29.773412,3211734.0,3633795.9,2836589,27.96,8.522,8.10,0.422,yes,2,NAVD88,3,fair,Riverine,2018-06-19T05:00:00,Buffalo Bayou
32898,-95.479657,29.773412,3211734.0,3633795.9,2836589,26.62,8.114,8.10,0.014,yes,2,NAVD88,3,fair,Riverine,2018-06-19T05:00:00,Buffalo Bayou
32909,-95.4551512,29.7598974,3214649.0,3632861.5,2855053,30.27,9.226,12.67,-3.444,no,2,NAVD88,3,fair,Riverine,2018-06-20T05:00:00,Buffalo Bayou
32915,-95.4551512,29.7598974,3214649.0,3632861.5,2855053,23.35,7.117,12.67,-5.553,no,4,Mean Sea Level,3,fair,Riverine,2018-06-20T05:00:00,Buffalo Bayou
32918,-95.4551512,29.7598974,3214649.0,3632861.5,2855053,21.77,6.635,12.67,-6.035,no,2,NAVD88,3,fair,Riverine,2018-06-20T05:00:00,Buffalo Bayou
32919,-95.4551512,29.7598974,3214649.0,3632861.5,2855053,20.35,6.203,12.67,-6.467,no,2,NAVD88,3,fair,Riverine,2018-06-20T05:00:00,Buffalo Bayou
32905,-95.4581494,29.7645168,3214202.3,3633323.3,2852982,23.12,7.047,11.23,-4.183,no,2,NAVD88,3,fair,Riverine,2018-06-20T05:00:00,Buffalo Bayou
32908,-95.4551512,29.7598974,3214649.0,3632861.5,2855053,31.95,9.738,12.67,-2.932,no,2,NAVD88,3,fair,Riverine,2018-06-20T05:00:00,Buffalo Bayou
32913,-95.4551512,29.7598974,3214649.0,3632861.5,2855053,24.85,7.574,12.67,-5.096,no,2,NAVD88,3,fair,Riverine,2018-06-20T05:00:00,Buffalo Bayou
32921,-95.4087563,29.7606165,3219370.3,3634176.1,2858775,20.44,6.230,9.03,-2.800,no,2,NAVD88,3,fair,Riverine,2018-06-20T05:00:00,Buffalo Bayou
32922,-95.4087563,29.7606165,3219370.3,3634176.1,2858775,19.17,5.843,9.03,-3.187,no,2,NAVD88,3,fair,Riverine,2018-06-20T05:00:00,Buffalo Bayou
32926,-95.4087563,29.7606165,3219370.3,3634176.1,2858775,17.5,5.334,9.03,-3.696,no,2,NAVD88,3,fair,Riverine,2018-06-20T05:00:00,Buffalo Bayou
32928,-95.4087563,29.7606165,3219370.3,3634176.1,2858775,14.67,4.471,9.03,-4.559,no,2,NAVD88,3,fair,Riverine,2018-06-20T05:00:00,Buffalo Bayou
32930,-95.4087563,29.7606165,3219370.3,3634176.1,2858775,12.34,3.761,9.03,-5.269,no,2,NAVD88,4,poor,Riverine,2018-06-20T05:00:00,Buffalo Bayou
32911,-95.4551512,29.7598974,3214649.0,3632861.5,2855053,28.1,8.565,12.67,-4.105,no,2,NAVD88,3,fair,Riverine,2018-06-20T05:00:00,Buffalo Bayou
32933,-95.4087563,29.7606165,3219370.3,3634176.1,2858775,11.17,3.405,9.03,-5.625,no,2,NAVD88,3,fair,Riverine,2018-06-20T05:00:00,Buffalo Bayou
32944,-95.39836,29.76196,3220392.4,3634609.6,2860146,9.85,3.002,8.17,-5.168,no,2,NAVD88,3,fair,Riverine,2018-06-20T05:00:00,Buffalo Bayou
32934,-95.39836,29.76196,3220392.4,3634609.6,2860146,19.05,5.806,8.17,-2.364,no,2,NAVD88,3,fair,Riverine,2018-06-20T05:00:00,Buffalo Bayou
32935,-95.39836,29.76196,3220392.4,3634609.6,2860146,17.6,5.364,8.17,-2.806,no,2,NAVD88,3,fair,Riverine,2018-06-20T05:00:00,Buffalo Bayou
32936,-95.39836,29.76196,3220392.4,3634609.6,2860146,15.9,4.846,8.17,-3.324,no,2,NAVD88,3,fair,Riverine,2018-06-20T05:00:00,Buffalo Bayou
32938,-95.39836,29.76196,3220392.4,3634609.6,2860146,13.19,4.020,8.17,-4.150,no,2,NAVD88,3,fair,Riverine,2018-06-20T05:00:00,Buffalo Bayou
32942,-95.39836,29.76196,3220392.4,3634609.6,2860146,10.94,3.335,8.17,-4.835,no,2,NAVD88,3,fair,Riverine,2017-06-20T05:00:00,Buffalo Bayou
32946,-95.3752858,29.7614102,3222768.5,3635158.4,2861942,15.9,4.846,13.17,-8.324,no,2,NAVD88,3,fair,Riverine,2018-06-20T05:00:00,Buffalo Bayou
32940,-95.39836,29.76196,3220392.4,3634609.6,2860146,12.1,3.688,8.17,-4.482,no,2,NAVD88,3,fair,Riverine,2018-06-20T05:00:00,Buffalo Bayou
32958,-95.3752858,29.7614102,3222768.5,3635158.4,2861942,8.7,2.652,13.17,-10.518,no,2,NAVD88,3,fair,Riverine,2018-06-20T05:00:00,Buffalo Bayou
32960,-95.3752858,29.7614102,3222768.5,3635158.4,2861942,7.78,2.371,13.17,-10.799,no,2,NAVD88,3,fair,Riverine,2018-06-20T05:00:00,Buffalo Bayou
32967,-95.3610547,29.7650368,3224113.2,3635962.0,2886912,5.6,1.707,8.97,-7.263,no,2,NAVD88,3,fair,Riverine,2018-06-20T05:00:00,Buffalo Bayou
32948,-95.3752858,29.7614102,3222768.5,3635158.4,2861942,14.62,4.456,13.17,-8.714,no,2,NAVD88,3,fair,Riverine,2018-06-20T05:00:00,Buffalo Bayou
32950,-95.3752858,29.7614102,3222768.5,3635158.4,2861942,13.2,4.023,13.17,-9.147,no,2,NAVD88,3,fair,Riverine,2018-06-20T05:00:00,Buffalo Bayou
32952,-95.3752858,29.7614102,3222768.5,3635158.4,2861942,11.7,3.566,13.17,-9.604,no,2,NAVD88,3,fair,Riverine,2018-06-20T05:00:00,Buffalo Bayou
32957,-95.3752858,29.7614102,3222768.5,3635158.4,2861942,9.7,2.957,13.17,-10.213,no,2,NAVD88,3,fair,Riverine,2018-06-20T05:00:00,Buffalo Bayou
32954,-95.3752858,29.7614102,3222768.5,3635158.4,2861942,10.62,3.237,13.17,-9.933,no,2,NAVD88,3,fair,Riverine,2018-06-20T05:00:00,Buffalo Bayou
32962,-95.3610547,29.7650368,3224113.2,3635962.0,2886912,8.57,2.612,8.97,-6.358,no,2,NAVD88,3,fair,Riverine,2018-06-20T05:00:00,Buffalo Bayou
32963,-95.3610547,29.7650368,3224113.2,3635962.0,2886912,7.54,2.298,8.97,-6.672,no,2,NAVD88,3,fair,Riverine,2018-06-20T05:00:00,Buffalo Bayou
32965,-95.3610547,29.7650368,3224113.2,3635962.0,2886912,6.7,2.042,8.97,-6.928,no,2,NAVD88,3,fair,Riverine,2018-06-20T05:00:00,Buffalo Bayou
32975,-95.3610547,29.7650368,3224113.2,3635962.0,2886912,3.54,1.079,8.97,-7.891,no,2,NAVD88,3,fair,Riverine,2018-06-20T05:00:00,Buffalo Bayou
32985,-95.35788,29.76357,3224482.5,3635874.6,2888094,3.8,1.158,11.30,-10.142,no,2,NAVD88,3,fair,Riverine,2018-06-20T05:00:00,Buffalo Bayou
32976,-95.35788,29.76357,3224482.5,3635874.6,2888094,7.83,2.387,11.30,-8.913,no,2,NAVD88,3,fair,Riverine,2018-06-20T05:00:00,Buffalo Bayou
32977,-95.35788,29.76357,3224482.5,3635874.6,2888094,6.88,2.097,11.30,-9.203,no,2,NAVD88,3,fair,Riverine,2018-06-20T05:00:00,Buffalo Bayou
32979,-95.35788,29.76357,3224482.5,3635874.6,2888094,5.9,1.798,11.30,-9.502,no,2,NAVD88,3,fair,Riverine,2018-06-20T05:00:00,Buffalo Bayou
32981,-95.35788,29.76357,3224482.5,3635874.6,2888094,4.9,1.494,11.30,-9.806,no,2,NAVD88,3,fair,Riverine,2018-06-20T05:00:00,Buffalo Bayou
32972,-95.3610547,29.7650368,3224113.2,3635962.0,2886912,4.46,1.359,8.97,-7.611,no,2,NAVD88,3,fair,Riverine,2018-06-20T05:00:00,Buffalo Bayou
32968,-95.3610547,29.7650368,3224113.2,3635962.0,2886912,4.71,1.436,8.97,-7.534,no,2,NAVD88,3,fair,Riverine,2018-06-20T05:00:00,Buffalo Bayou
32970,-95.3610547,29.7650368,3224113.2,3635962.0,2886912,4.29,1.308,8.97,-7.662,no,2,NAVD88,3,fair,Riverine,2018-06-20T05:00:00,Buffalo Bayou
32983,-95.35788,29.76357,3224482.5,3635874.6,2888094,4.21,1.283,11.30,-10.017,no,2,NAVD88,3,fair,Riverine,2018-06-20T05:00:00,Buffalo Bayou
32986,-95.35788,29.76357,3224482.5,3635874.6,2888094,4.05,1.234,11.30,-10.066,no,2,NAVD88,3,fair,Riverine,2018-06-20T05:00:00,Buffalo Bayou
32988,-95.35788,29.76357,3224482.5,3635874.6,2888094,3.21,0.978,11.30,-10.322,no,2,NAVD88,3,fair,Riverine,2018-06-20T05:00:00,Buffalo Bayou
32996,-95.343325,29.761926,3226021.2,3636069.3,2888501,1.0,0.305,9.73,-9.425,no,2,NAVD88,3,fair,Riverine,2018-06-20T05:00:00,Buffalo Bayou
32998,-95.343325,29.761926,3226021.2,3636069.3,2888501,0.67,0.204,9.73,-9.526,no,2,NAVD88,3,fair,Riverine,2018-06-20T05:00:00,Buffalo Bayou
32990,-95.343325,29.761926,3226021.2,3636069.3,2888501,2.0,0.610,9.73,-9.120,no,2,NAVD88,3,fair,Riverine,2018-06-20T05:00:00,Buffalo Bayou
33000,-95.343325,29.761926,3226021.2,3636069.3,2888501,1.42,0.433,9.73,-9.297,no,2,NAVD88,3,fair,Riverine,2018-06-20T05:00:00,Buffalo Bayou
33003,-95.343325,29.761926,3226021.2,3636069.3,2888501,0.92,0.280,9.73,-9.450,no,2,NAVD88,3,fair,Riverine,2018-06-20T05:00:00,Buffalo Bayou
32992,-95.343325,29.761926,3226021.2,3636069.3,2888501,1.75,0.533,9.73,-9.197,no,2,NAVD88,3,fair,Riverine,2018-06-20T05:00:00,Buffalo Bayou
32995,-95.343325,29.761926,3226021.2,3636069.3,2888501,1.5,0.457,9.73,-9.273,no,2,NAVD88,3,fair,Riverine,2018-06-20T05:00:00,Buffalo Bayou
33202,-95.6152326,29.7775365,3197757.6,3630701.8,2696055,80.94,24.671,24.57,0.101,yes,2,NAVD88,6,unknown,Riverine,2018-06-21T05:00:00,Buffalo Bayou
33196,-95.640122,29.77339,3195340.4,3629562.1,2700268,81.52,24.847,25.00,-0.153,no,2,NAVD88,6,unknown,Riverine,2018-06-20T05:00:00,Buffalo Bayou
33225,-95.6003356,29.7672301,3199590.1,3629887.0,672901,75.41,22.985,24.83,-1.845,no,2,NAVD88,3,fair,Riverine,2018-06-21T05:00:00,Buffalo Bayou
33237,-95.589747,29.7617013,3200838.7,3629518.3,2717732,69.92,21.312,21.33,-0.018,no,2,NAVD88,3,fair,Riverine,2018-06-21T05:00:00,Buffalo Bayou
33271,-95.5829731,29.7680811,3201338.3,3630443.7,2690418,74.11,22.589,23.23,-0.641,no,2,NAVD88,3,fair,Riverine,2018-06-21T05:00:00,Buffalo Bayou
33272,-95.5829731,29.7680811,3201338.3,3630443.7,2690418,74.11,22.589,23.23,-0.641,no,2,NAVD88,3,fair,Riverine,2018-06-21T05:00:00,Buffalo Bayou
33273,-95.5741365,29.7663126,3202294.5,3630469.4,2679031,73.44,22.385,22.73,-0.345,no,2,NAVD88,3,fair,Riverine,2018-06-21T05:00:00,Buffalo Bayou
33278,-95.56605,29.76415,3203186.1,3630429.2,2677843,72.36,22.055,21.30,0.755,yes,2,NAVD88,3,fair,Riverine,2018-06-29T05:00:00,Buffalo Bayou
33279,-95.56605,29.76415,3203186.1,3630429.2,2677843,72.36,22.055,21.30,0.755,yes,2,NAVD88,3,fair,Riverine,2018-06-29T05:00:00,Buffalo Bayou
33280,-95.56317,29.77015,3203299.0,3631207.8,2680034,71.6,21.824,22.20,-0.376,no,2,NAVD88,3,fair,Riverine,2018-06-21T05:00:00,Buffalo Bayou
33274,-95.57129525,29.76553113,3202608.4,3630452.7,2678460,73.13,22.290,21.60,0.690,yes,2,NAVD88,3,fair,Riverine,2018-06-21T05:00:00,Buffalo Bayou
33275,-95.57129525,29.76553113,3202608.4,3630452.7,2678460,73.13,22.290,21.60,0.690,yes,2,NAVD88,3,fair,Riverine,2018-06-21T05:00:00,Buffalo Bayou
33281,-95.56317,29.77015,3203299.0,3631207.8,2680034,71.6,21.824,22.20,-0.376,no,2,NAVD88,3,fair,Riverine,2018-06-21T05:00:00,Buffalo Bayou
33282,-95.6418,29.76845,3195317.7,3628939.7,168788,82.99,25.295,21.47,3.825,yes,2,NAVD88,3,fair,Riverine,2108-06-22T05:00:00,Buffalo Bayou
33277,-95.5687656,29.7642223,3202906.4,3630366.1,2678536,72.27,22.028,21.93,0.098,yes,2,NAVD88,3,fair,Riverine,2018-06-21T05:00:00,Buffalo Bayou
33276,-95.5687656,29.7642223,3202906.4,3630366.1,2678536,72.27,22.028,21.93,0.098,yes,2,NAVD88,3,fair,Riverine,2018-06-21T05:00:00,Buffalo Bayou
33298,-95.63736456,29.76763283,3195795.4,3628960.5,2702579,81.95,24.978,25.67,-0.692,no,2,NAVD88,3,fair,Riverine,2018-06-22T05:00:00,Buffalo Bayou
33299,-95.62964572,29.77133324,3196472.4,3629596.6,2703441,81.91,24.966,24.90,0.066,yes,2,NAVD88,3,fair,Riverine,2018-06-22T05:00:00,Buffalo Bayou
33306,-95.56325089,29.75111287,3203865.9,3628976.2,2723362,71.77,21.875,22.17,-0.295,no,2,NAVD88,3,fair,Riverine,2018-06-22T05:00:00,Buffalo Bayou
33304,-95.58309638,29.75220365,3201804.9,3628581.1,2728634,73.92,22.531,22.60,-0.069,no,2,NAVD88,3,fair,Riverine,2018-06-22T05:00:00,Buffalo Bayou
33302,-95.61343,29.75787,3198534.6,3628446.5,169490,78.27,23.857,22.73,1.127,yes,2,NAVD88,3,fair,Riverine,2018-06-22T05:00:00,Buffalo Bayou
33303,-95.61343,29.75787,3198534.6,3628446.5,169490,78.27,23.857,22.73,1.127,yes,2,NAVD88,3,fair,Riverine,2018-06-22T05:00:00,Buffalo Bayou
33305,-95.58309638,29.75220365,3201804.9,3628581.1,2728634,73.92,22.531,22.60,-0.069,no,2,NAVD88,3,fair,Riverine,2018-06-22T05:00:00,Buffalo Bayou
33307,-95.56325089,29.75111287,3203865.9,3628976.2,2723362,71.77,21.875,22.17,-0.295,no,2,NAVD88,3,fair,Riverine,2018-06-22T05:00:00,Buffalo Bayou
33423,-95.7521853,29.7110803,3185761.9,3619333.2,871887,100.629,30.672,30.97,-0.298,no,2,NAVD88,3,fair,Coastal,2018-07-14T05:00:00,Gulf of America
33424,-95.755842,29.7237439,3185009.6,3620720.0,885010,101.423,30.914,30.60,0.314,yes,2,NAVD88,3,fair,Coastal,2018-07-14T05:00:00,Gulf of America
33446,-95.4775577,29.7714056,3212009.4,3633616.4,708359,56.355,17.177,7.97,9.207,yes,2,NAVD88,3,fair,Coastal,2018-07-14T05:00:00,Gulf of America
33448,-95.7084338,29.7619026,3188708.9,3626425.8,967251,100.673,30.685,31.10,-0.415,no,2,NAVD88,3,fair,Coastal,2018-07-14T05:00:00,Gulf of America
33449,-95.5940274,29.8444673,3197901.8,3639096.1,1894027,108.401,33.041,33.60,-0.559,no,2,NAVD88,3,fair,Coastal,2018-07-14T05:00:00,Gulf of America
33489,-95.3288035,29.7597673,3227572.2,3636203.1,2890871,4.742,1.445,9.93,-8.485,no,2,NAVD88,3,fair,Coastal,2018-07-14T05:00:00,gulf of Mexico
29194,-95.729922,29.710604,3188051.2,3619858.9,225521,101.23,30.855,30.10,0.755,yes,2,NAVD88,3,fair,Riverine,2018-05-15T05:00:00,Buffalo Bayou
32751,-95.589361,29.760799,3200905.4,3629422.8,2720220,68.6,20.909,21.20,-0.291,no,2,NAVD88,3,fair,Riverine,2018-06-19T05:00:00,Buffalo Bayou
33487,-95.3577872,29.7636001,3224491.1,3635880.6,2888096,9.365,2.854,11.37,-8.516,no,2,NAVD88,3,fair,Coastal,2018-06-20T05:00:00,gulf of Mexico
33469,-95.3806367,29.7634909,3222158.0,3635260.0,715677,40.862,12.455,12.53,-0.075,no,2,NAVD88,2,good,Coastal,2018-07-14T05:00:00,Gulf of America
33490,-95.3200331,29.7561089,3228581.0,3636008.0,2900043,3.854,1.175,10.00,-8.825,no,2,NAVD88,3,fair,Coastal,2018-07-14T05:00:00,gulf of Mexico
33488,-95.3673687,29.7631891,3223523.9,3635577.5,2887647,16.374,4.991,10.57,-5.579,no,2,NAVD88,3,fair,Coastal,2018-07-14T05:00:00,gulf of Mexico
32844,-95.5312,29.7472,3207260.0,3629363.1,2768866,54.41,16.584,17.50,-0.916,no,2,NAVD88,3,fair,Riverine,2018-06-19T05:00:00,Buffalo Bayou
33491,-95.3433177,29.761923,3226022.0,3636069.2,721928,5.484,1.672,9.57,-7.898,no,2,NAVD88,3,fair,Coastal,2018-07-14T05:00:00,gulf of Mexico
33492,-95.3519555,29.7654572,3225030.8,3636253.4,2886806,9.482,2.890,10.80,-7.910,no,2,NAVD88,3,fair,Coastal,2018-07-14T05:00:00,gulf of Mexico
33493,-95.3574424,29.7630497,3224543.2,3635825.2,721771,7.781,2.372,11.23,-8.858,no,2,NAVD88,3,fair,Coastal,2018-07-14T05:00:00,gulf of Mexico
33494,-95.7432969,29.7261214,3186220.1,3621325.9,885952,100.579,30.656,30.20,0.456,yes,2,NAVD88,3,fair,Coastal,2018-07-14T05:00:00,gulf of Mexico
34938,-95.4208237,29.7576711,3218226.1,3633510.7,2858028,42.4,12.924,8.27,4.654,yes,2,NAVD88,3,fair,Coastal,2018-07-14T05:00:00,Gulf of America
34942,-95.4205065,29.7577854,3218255.1,3633532.5,178570,44.1,13.442,7.70,5.742,yes,2,NAVD88,3,fair,Coastal,2018-07-14T05:00:00,Gulf of America
34941,-95.4166876,29.7574005,3218657.2,3633588.7,2904662,41.1,12.527,12.30,0.227,yes,2,NAVD88,4,poor,Coastal,2018-07-14T05:00:00,Gulf of America
34940,-95.4203312,29.7577318,3218274.6,3633530.9,2858039,44.1,13.442,8.37,5.072,yes,2,NAVD88,3,fair,Coastal,2018-07-14T05:00:00,Gulf of America
34939,-95.4169893,29.7574894,3218623.7,3633591.2,181459,44.0,13.411,7.27,6.141,yes,2,NAVD88,3,fair,Coastal,2018-07-14T05:00:00,Gulf of America
33408,-95.5406811,29.7561574,3206020.0,3630162.1,668079,67.764,20.654,21.87,-1.216,no,2,NAVD88,5,unknown,Coastal,2018-07-14T05:00:00,Gulf of America
33407,-95.6358263,29.8564738,3193274.0,3639400.7,1952534,108.444,33.054,34.97,-1.916,no,2,NAVD88,3,fair,Coastal,2018-07-14T05:00:00,Gulf of America
33419,-95.6856067,29.7757536,3190624.1,3628645.1,1049608,100.548,30.647,30.87,-0.223,no,2,NAVD88,3,fair,Coastal,2018-07-14T05:00:00,Gulf of America
33413,-95.6434775,29.8361779,3193105.7,3636823.9,1835528,107.739,32.839,31.87,0.969,yes,2,NAVD88,3,fair,Coastal,2018-07-14T05:00:00,Gulf of America
33414,-95.7038749,29.7591805,3189256.2,3626226.6,967492,100.258,30.559,30.07,0.489,yes,2,NAVD88,3,fair,Coastal,2018-07-14T05:00:00,Gulf of America
33416,-95.6345739,29.8574348,3193372.7,3639546.1,1952740,108.766,33.152,35.03,-1.878,no,2,NAVD88,3,fair,Coastal,2018-07-14T05:00:00,Gulf of America
33417,-95.6357312,29.8482782,3193531.1,3638444.0,1844077,108.584,33.096,34.17,-1.074,no,2,NAVD88,3,fair,Coastal,2018-07-14T05:00:00,Gulf of America
33412,-95.3187859,29.7518603,3228838.3,3635543.2,2897548,20.385,6.213,0.30,5.913,yes,2,NAVD88,3,fair,Coastal,2018-07-14T05:00:00,Gulf of America
33410,-95.7421456,29.7174529,3186597.1,3620341.3,898081,101.136,30.826,29.60,1.226,yes,2,NAVD88,3,fair,Coastal,2018-07-14T05:00:00,Gulf of America
33411,-95.7407554,29.7228372,3186578.0,3621007.9,896813,101.283,30.871,28.20,2.671,yes,2,NAVD88,3,fair,Coastal,2018-07-14T05:00:00,Gulf of America
33409,-95.7482226,29.7215318,3185854.2,3620660.0,897159,101.261,30.864,29.67,1.194,yes,2,NAVD88,3,fair,Coastal,2018-07-14T05:00:00,Gulf of America
33406,-95.5338715,29.7509343,3206874.0,3629730.1,2769096,65.997,20.116,20.10,0.016,yes,2,NAVD88,3,fair,Coastal,2018-07-14T05:00:00,Gulf of America
33415,-95.7038892,29.7587395,3189267.9,3626174.6,967547,101.277,30.869,29.90,0.969,yes,2,NAVD88,3,fair,Coastal,2018-07-14T05:00:00,Gulf of America
33418,-95.5335191,29.747479,3207014.5,3629334.6,2768834,65.871,20.077,19.57,0.507,yes,2,NAVD88,3,fair,Coastal,2018-07-14T05:00:00,Gulf of America
33421,-95.6221201,29.8571668,3194651.4,3639842.6,486438,108.746,33.146,33.13,0.016,yes,2,NAVD88,3,fair,Coastal,2018-07-14T05:00:00,Gulf of America
33422,-95.634546,29.8531734,3193504.2,3639048.1,1843487,109.089,33.250,33.73,-0.480,no,2,NAVD88,3,fair,Coastal,2018-07-14T05:00:00,Gulf of America
33420,-95.6870522,29.8065917,3189549.4,3632216.8,1090539,108.722,33.138,33.07,0.068,yes,2,NAVD88,3,fair,Coastal,2018-07-14T05:00:00,Gulf of America
33425,-95.6327326,29.8595402,3193497.0,3639841.0,121934,108.423,33.047,34.80,-1.753,no,2,NAVD88,3,fair,Coastal,2018-07-14T05:00:00,Gulf of America
33426,-95.3610239,29.7647365,3224125.5,3635927.6,2887337,35.261,10.748,7.93,2.818,yes,2,NAVD88,5,unknown,Coastal,2018-07-14T05:00:00,Gulf of America
33427,-95.7532918,29.7278543,3185147.1,3621267.7,883758,101.359,30.894,30.50,0.394,yes,2,NAVD88,3,fair,Coastal,2018-07-14T05:00:00,Gulf of America
33428,-95.6094677,29.8464066,3196267.5,3638916.2,1853449,108.809,33.165,31.10,2.065,yes,2,NAVD88,3,fair,Coastal,2018-07-14T05:00:00,Gulf of America
33429,-95.7516996,29.7182148,3185598.2,3620181.0,873902,100.827,30.732,30.60,0.132,yes,2,NAVD88,3,fair,Coastal,2018-07-14T05:00:00,Gulf of America
33431,-95.7579435,29.7216864,3184856.4,3620424.3,218624,101.182,30.840,30.77,0.070,yes,2,NAVD88,3,fair,Coastal,2018-07-14T05:00:00,Gulf of America
33432,-95.7623468,29.7089818,3184786.4,3618822.3,870046,101.214,30.850,31.63,-0.780,no,2,NAVD88,3,fair,Coastal,2018-07-14T05:00:00,Gulf of America
33433,-95.7265949,29.7442646,3187382.9,3623886.1,983094,101.434,30.917,29.70,1.217,yes,2,NAVD88,3,fair,Coastal,2018-07-14T05:00:00,Gulf of America
33434,-95.4014261,29.7623686,3220066.5,3634576.1,714778,41.99,12.799,11.60,1.199,yes,2,NAVD88,3,fair,Coastal,2018-07-14T05:00:00,Gulf of America
33435,-95.5924901,29.8442665,3198064.7,3639113.1,1894003,108.811,33.166,33.57,-0.404,no,2,NAVD88,3,fair,Coastal,2018-07-14T05:00:00,Gulf of America
33436,-95.7549578,29.7161555,3185326.9,3619854.9,54523,101.219,30.852,31.03,-0.178,no,2,NAVD88,3,fair,Coastal,2018-07-14T05:00:00,Gulf of America
33438,-95.5013768,29.7628958,3209833.1,3631989.5,665679,57.313,17.469,17.73,-0.261,no,2,NAVD88,3,fair,Coastal,2018-07-14T05:00:00,Gulf of America
33437,-95.6266172,29.8588542,3194141.6,3639921.7,1947032,108.972,33.215,33.33,-0.115,no,2,NAVD88,5,unknown,Coastal,2018-07-14T05:00:00,Gulf of America
33439,-95.4850947,29.7724485,3211207.5,3633539.1,2836919,66.306,20.210,18.23,1.980,yes,2,NAVD88,3,fair,Coastal,2018-07-14T05:00:00,Gulf of America
33440,-95.6856315,29.8063565,3189701.5,3632226.5,272583,107.993,32.916,33.80,-0.884,no,2,NAVD88,5,unknown,Coastal,2018-07-14T05:00:00,Gulf of America
33441,-95.5991301,29.8472671,3197296.4,3639289.3,1895925,108.978,33.216,33.23,-0.014,no,2,NAVD88,3,fair,Coastal,2018-07-14T05:00:00,Gulf of America
33443,-95.6293538,29.8588402,3193862.9,3639848.0,486606,108.993,33.221,33.43,-0.209,no,2,NAVD88,3,fair,Coastal,2018-07-14T05:00:00,Gulf of America
33442,-95.7181824,29.7481449,3188125.9,3624560.3,982095,101.25,30.861,31.07,-0.209,no,2,NAVD88,3,fair,Coastal,2018-07-14T05:00:00,Gulf of America
33444,-95.6888667,29.8063423,3189371.7,3632140.0,1090910,108.869,33.183,33.40,-0.217,no,2,NAVD88,3,fair,Coastal,2018-07-14T05:00:00,Gulf of America
33445,-95.6637817,29.8166121,3191623.1,3634000.3,1095177,108.137,32.960,32.43,0.530,yes,2,NAVD88,3,fair,Coastal,2018-07-14T05:00:00,Gulf of America
33450,-95.6922466,29.7758871,3189942.0,3628486.7,1049221,101.121,30.822,31.23,-0.408,no,2,NAVD88,3,fair,Coastal,2018-07-14T05:00:00,Gulf of America
33451,-95.597622,29.8447826,3197525.4,3639038.2,1895630,108.723,33.139,33.23,-0.091,no,2,NAVD88,3,fair,Coastal,2018-07-14T05:00:00,Gulf of America
33454,-95.7498363,29.7159488,3185856.3,3619964.4,218308,101.119,30.821,30.97,-0.149,no,2,NAVD88,3,fair,Coastal,2018-07-14T05:00:00,Gulf of America
33455,-95.6520121,29.8297292,3192429.1,3635844.8,1830189,108.209,32.982,32.27,0.712,yes,2,NAVD88,3,fair,Coastal,2018-07-14T05:00:00,Gulf of America
33447,-95.5111035,29.7471929,3209314.4,3629893.0,694820,61.86,18.855,19.00,-0.145,no,2,NAVD88,3,fair,Coastal,2018-07-14T05:00:00,Gulf of America
33452,-95.6516024,29.8367039,3192260.7,3636671.9,1836051,109.077,33.247,33.67,-0.423,no,2,NAVD88,3,fair,Coastal,2018-07-14T05:00:00,Gulf of America
33453,-95.6518611,29.8334746,3192331.6,3636287.1,1836924,109.04,33.235,33.37,-0.135,no,2,NAVD88,3,fair,Coastal,2018-07-14T05:00:00,Gulf of America
33456,-95.5493262,29.7617524,3204967.4,3630589.4,2671860,69.279,21.116,21.77,-0.654,no,2,NAVD88,3,fair,Coastal,2018-07-14T05:00:00,Gulf of America
33460,-95.6340715,29.853861,3193531.9,3639141.1,1843556,108.402,33.041,32.87,0.171,yes,2,NAVD88,3,fair,Coastal,2018-07-14T05:00:00,Gulf of America
33461,-95.4501597,29.7558159,3215283.2,3632515.5,2855859,45.732,13.939,7.80,6.139,yes,2,NAVD88,3,fair,Coastal,2018-07-14T05:00:00,Gulf of America
33457,-95.6401413,29.8391396,3193356.8,3637258.3,1845805,107.882,32.882,32.27,0.612,yes,2,NAVD88,3,fair,Coastal,2018-07-14T05:00:00,Gulf of America
33459,-95.5497408,29.7630369,3204886.2,3630728.9,2671450,69.326,21.131,22.03,-0.899,no,2,NAVD88,3,fair,Coastal,2018-07-14T05:00:00,Gulf of America
33458,-95.645964,29.830692,3193017.3,3636116.4,1830700,108.37,33.031,32.37,0.661,yes,2,NAVD88,3,fair,Coastal,2018-07-14T05:00:00,Gulf of America
33462,-95.6043179,29.8421039,3196923.0,3638548.2,1854839,108.643,33.114,33.37,-0.256,no,2,NAVD88,3,fair,Coastal,2018-07-14T05:00:00,Gulf of America
33463,-95.7504989,29.7234793,3185563.4,3620828.5,885548,101.287,30.872,30.33,0.542,yes,2,NAVD88,3,fair,Coastal,2018-07-14T05:00:00,Gulf of America
33464,-95.6883251,29.8002544,3189610.1,3631441.6,1083365,108.916,33.198,29.53,3.668,yes,2,NAVD88,3,fair,Coastal,2018-07-14T05:00:00,Gulf of America
33465,-95.6044238,29.8417162,3196923.9,3638500.0,1854811,108.979,33.217,33.20,0.017,yes,2,NAVD88,3,fair,Coastal,2018-07-14T05:00:00,Gulf of America
33466,-95.6215422,29.8634823,3194519.6,3640597.0,1948028,108.502,33.071,33.17,-0.099,no,2,NAVD88,3,fair,Coastal,2018-07-14T05:00:00,Gulf of America
33467,-95.7537222,29.7231545,3185243.8,3620706.3,221190,101.224,30.853,30.50,0.353,yes,2,NAVD88,3,fair,Coastal,2018-07-14T05:00:00,Gulf of America
33468,-95.3666066,29.7629016,3223610.6,3635564.0,2887662,39.143,11.931,4.17,7.761,yes,2,NAVD88,3,fair,Coastal,2018-07-14T05:00:00,Gulf of America
33472,-95.592372,29.8505348,3197887.3,3639850.0,1897072,107.132,32.654,31.40,1.254,yes,2,NAVD88,5,unknown,Coastal,2018-07-14T05:00:00,Gulf of America
33470,-95.6609084,29.8306109,3191494.7,3635714.2,1828533,108.263,32.999,31.97,1.029,yes,2,NAVD88,3,fair,Coastal,2018-07-14T05:00:00,Gulf of America
33471,-95.7180358,29.7511152,3188051.8,3624911.8,981774,102.196,31.149,31.27,-0.121,no,2,NAVD88,3,fair,Coastal,2018-07-14T05:00:00,Gulf of America
33473,-95.7338117,29.7316044,3187024.9,3622215.5,892702,101.242,30.859,30.90,-0.041,no,2,NAVD88,3,fair,Coastal,2018-07-05T05:00:00,Gulf of America
33475,-95.7432969,29.7261214,3186220.1,3621325.9,885952,101.158,30.833,30.20,0.633,yes,2,NAVD88,3,fair,Coastal,2018-07-05T05:00:00,Gulf of America
33474,-95.6444092,29.8620872,3192229.0,3639831.9,1953865,108.763,33.151,34.17,-1.019,no,2,NAVD88,3,fair,Coastal,2018-07-14T05:00:00,Gulf of America
33476,-95.7417378,29.7100895,3186859.1,3619490.0,224992,101.431,30.916,30.00,0.916,yes,2,NAVD88,3,fair,Coastal,2018-07-14T05:00:00,Gulf of America
33477,-95.5438754,29.7553727,3205717.3,3629986.0,691642,67.28,20.507,20.23,0.277,yes,2,NAVD88,3,fair,Coastal,2018-07-14T05:00:00,Gulf of America
33479,-95.5427697,29.7558818,3205814.9,3630074.8,2673228,66.921,20.398,21.40,-1.002,no,2,NAVD88,3,fair,Coastal,2018-07-14T05:00:00,Gulf of America
33478,-95.6315658,29.8446182,3194066.5,3638125.2,1844450,108.422,33.047,33.03,0.017,yes,2,NAVD88,3,fair,Coastal,2018-07-14T05:00:00,Gulf of America
33480,-95.5073338,29.7569873,3209403.2,3631139.9,2664798,59.55,18.151,18.30,-0.149,no,2,NAVD88,3,fair,Coastal,2018-07-14T05:00:00,Gulf of America
33481,-95.5070211,29.7538349,3209530.6,3630778.9,665964,56.531,17.231,13.30,3.931,yes,2,NAVD88,5,unknown,Coastal,2018-07-14T05:00:00,Gulf of America
33482,-95.7372842,29.7130158,3187226.7,3619948.9,901248,101.111,30.819,26.50,4.319,yes,2,NAVD88,3,fair,Coastal,2018-07-14T05:00:00,Gulf of America
33483,-95.4597795,29.7644565,3214037.5,3633273.0,707248,47.729,14.548,6.37,8.178,yes,2,NAVD88,3,fair,Coastal,2018-07-14T05:00:00,Gulf of America
33484,-95.5035486,29.7485686,3210045.1,3630253.7,2779191,60.417,18.415,17.27,1.145,yes,2,NAVD88,3,fair,Coastal,2018-07-14T05:00:00,Gulf of America
33485,-95.7417378,29.7100895,3186859.1,3619490.0,224992,101.084,30.810,30.00,0.810,yes,2,NAVD88,3,fair,Coastal,2018-07-14T05:00:00,Gulf of America
33486,-95.6280171,29.8663531,3193772.3,3640762.5,1947638,108.824,33.170,34.40,-1.230,no,2,NAVD88,3,fair,Coastal,2018-07-14T05:00:00,Gulf of America
